{
    "BaseCNN": {
        "0.001": {
            "accuracy": 0.9143,
            "epoch_losses": [
                0.4088036950780893,
                0.25612282794294583,
                0.20889212743543994,
                0.16970461449309834,
                0.14088613772069786
            ]
        },
        "0.0001": {
            "accuracy": 0.9279,
            "epoch_losses": [
                0.08113636578153223,
                0.06758215436006962,
                0.059343005310364766,
                0.052830486746776956,
                0.04668468315435299
            ]
        }
    },
    "DeepCNN": {
        "0.001": {
            "accuracy": 0.9123,
            "epoch_losses": [
                0.4471017385819065,
                0.2746555967244512,
                0.23027450901899002,
                0.1994583101661157,
                0.17203390293681164
            ]
        },
        "0.0001": {
            "accuracy": 0.9282,
            "epoch_losses": [
                0.1103114855807346,
                0.09445218582834199,
                0.08468716826214433,
                0.0771025478867675,
                0.06895315517802467
            ]
        }
    }
}