{
    "BaseCNN": {
        "0.001": {
            "accuracy": 0.9198,
            "epoch_losses": [
                0.41312760157562267,
                0.2590663220042359,
                0.20888881651021396,
                0.1771972338353266,
                0.14524950831929948
            ]
        },
        "0.0001": {
            "accuracy": 0.9258,
            "epoch_losses": [
                0.08390976472108412,
                0.07051559211090525,
                0.06246334630727911,
                0.055532952191741036,
                0.04959873900041858
            ]
        }
    },
    "DeepCNN": {
        "0.001": {
            "accuracy": 0.9138,
            "epoch_losses": [
                0.4540792975280839,
                0.2802669099494338,
                0.2321294293300048,
                0.20121353416681798,
                0.1741226264980556
            ]
        },
        "0.0001": {
            "accuracy": 0.9233,
            "epoch_losses": [
                0.11361611797722546,
                0.09754697854485689,
                0.08807755501539723,
                0.08009417566444987,
                0.07243800367057911
            ]
        }
    }
}